app,precision
twitter,0.6673303467728555
twitter,0.7005143520822963
